fold,f1_macro
0,0.7913891769852238
1,0.7763369729406391
