fold,f1_macro
0,0.7913891769852238
1,0.7763369729406391
2,0.7911209753119446
3,0.7975641628832817
