AGN,Asteroid,II,Ia,Ibc,SLSN,SV,TDE,fold
0.7089255258669699,0.84952024338872,0.814962372731297,0.8468662502692225,0.7818819088703154,0.8010752688172043,0.7351071344478455,0.7927747114902158,0
0.7119955776672194,0.8802336903602727,0.7503105590062111,0.8553025074764204,0.7322247706422019,0.7456030150753769,0.736243747157799,0.7987819161396111,1
