AGN,Asteroid,II,Ia,Ibc,SLSN,SV,TDE,fold
0.7089255258669699,0.84952024338872,0.814962372731297,0.8468662502692225,0.7818819088703154,0.8010752688172043,0.7351071344478455,0.7927747114902158,0
0.7119955776672194,0.8802336903602727,0.7503105590062111,0.8553025074764204,0.7322247706422019,0.7456030150753769,0.736243747157799,0.7987819161396111,1
0.7591454492244659,0.8266360505166476,0.8160275743214132,0.8310854206807965,0.7686294945284002,0.6817887232663642,0.7779404587603709,0.8677146311970979,2
0.7857929515418501,0.8687258687258688,0.8130117282584642,0.8224178655786987,0.7380281690140845,0.672543258243552,0.8180983004134128,0.8618951612903226,3
