AGN,Asteroid,II,Ia,Ibc,SLSN,SV,TDE,fold
0.7089255258669699,0.84952024338872,0.814962372731297,0.8468662502692225,0.7818819088703154,0.8010752688172043,0.7351071344478455,0.7927747114902158,0
