fold,f1_macro
0,0.8276548833697173
1,0.7944882533400641
2,0.8097715314342475
3,0.8207691254662064
