AGN,Asteroid,II,Ia,Ibc,SLSN,SV,TDE,fold
0.7615015523567599,0.9124087591240877,0.8260198456449834,0.8757396449704141,0.8175531914893617,0.8384253819036428,0.7812573581351544,0.8083333333333335,0
