AGN,Asteroid,II,Ia,Ibc,SLSN,SV,TDE,fold
0.7615015523567599,0.9124087591240877,0.8260198456449834,0.8757396449704141,0.8175531914893617,0.8384253819036428,0.7812573581351544,0.8083333333333335,0
0.7338444687842278,0.9206114398422091,0.7875160324925182,0.8617305976806422,0.7648725212464589,0.7253453260520397,0.7677317017901654,0.794253938832252,1
0.800332778702163,0.875263281067166,0.8396946564885496,0.8557083606199519,0.7761425251742834,0.6802765887388871,0.7973697028738432,0.8533843578091365,2
0.7965679490727927,0.929,0.8344935998203459,0.8437832093517535,0.7752409944190768,0.7038007863695938,0.829997699562917,0.8532687651331718,3
